cur_sna_20m_0001,-1.6972394,-6.1632743,-10.108938,KP0613_LM_SB20,ALAM,FW,,TRUE,ALAM
cur_sna_20m_0002,-2.0593672,2.86107135,-14.430178,KP0614_LM_SB20,ALAM,FW,,FALSE,ALAM
cur_sna_20m_0003,0.15895016,5.44379377,-15.007912,KP0616_LM_SB20,ALAM,FW,,FALSE,ALAM
cur_sna_20m_0004,-8.4721413,0.21002278,-14.535704,KP0617_LM_SB20,ALAM,FW,,TRUE,ALAM
cur_sna_20m_0005,1.18004417,9.91003609,-11.279591,KP0618_LM_SB20,ALAM,FW,NOISE,TRUE,ALAM
cur_sna_20m_0006,2.34006786,10.5135832,-12.334847,KP0620_LM_SB20,ALAM,FW,,FALSE,AAGA
cur_sna_20m_0007,-5.6070046,8.02044296,-12.583098,KP0625_AC_SB20,NO_CORAL,FW,NO_CORAL,FALSE,AHUM
cur_sna_20m_0008,4.66391087,12.6711664,-9.8303204,KP0626_AC_SB20,AAGA,FW,,FALSE,PAST
cur_sna_20m_0009,-0.0543788,15.9348707,-12.208065,KP0629_LM_SB20,ALAM,FW,,FALSE,ALAM
cur_sna_20m_0010,-2.1056769,16.9377441,-15.870337,KP0631_LM_SB20,ALAM,FW,,FALSE,MCAV
cur_sna_20m_0011,15.2066116,-46.466503,10.6834211,KP0636_AC_SB20,AAGA,FW,,FALSE,AAGA
cur_sna_20m_0012,5.20292711,-40.690678,2.44634295,KP0637_LM_SB20,ALAM,FW,,FALSE,AAGA
cur_sna_20m_0013,16.352211,-44.81377,8.4028511,KP0638_AC_SB20,AAGA,FW,,FALSE,AAGA
cur_sna_20m_0014,18.6168385,-46.515087,8.17130184,KP0640_AC_SB20,NO_CORAL,FW,NO_CORAL,FALSE,SINT
cur_sna_20m_0015,1.19598699,-36.755859,0.25687447,KP0643_AC_SB20,AAGA,FW,,TRUE,AAGA
cur_sna_20m_0016,2.01665807,-25.715137,0.52562338,KP0645_AC_SB20,EFAS,FW,NO_CORAL,FALSE,EFAS
cur_sna_20m_0017,13.3025942,-40.98296,6.48972368,KP0646_AC_SB20,AAGA,FW,,FALSE,AAGA
cur_sna_20m_0018,-2.7115009,-23.742035,-1.4611447,KP0647_AC_SB20,AAGA,FW,,FALSE,AAGA
cur_sna_20m_0019,13.7535458,-40.10535,5.60983658,KP0648_AC_SB20,AAGA,FW,,TRUE,AAGA
cur_sna_20m_0020,0.75945973,-20.453276,-3.3757908,KP0649_AC_SB20,AAGA,FW,,TRUE,PAST
cur_sna_20m_0021,15.8382473,-32.345036,4.78385115,KP0650_LM_SB20,ALAM,FW,,TRUE,ALAM
cur_sna_20m_0022,11.0098772,-30.100906,2.86616826,KP0652_AC_SB20,AAGA,FW,,TRUE,AAGA
cur_sna_20m_0023,9.03145981,-28.376055,2.35676003,KP0654_AC_SB20,AAGA,FW,,FALSE,AAGA
cur_sna_20m_0024,21.3217888,-75.987129,18.7208366,KP0657_LM_SB20,ALAM,FW,NOISE,TRUE,ALAM
cur_sna_20m_0025,12.9214869,-27.9289,1.30833566,KP0658_AC_SB20,AAGA,FW,,TRUE,AAGA
cur_sna_20m_0026,18.9850388,-75.637146,18.7056522,KP0659_LM_SB20,ALAM,FW,,FALSE,AAGA
cur_sna_20m_0027,14.1452818,-29.536079,2.634619,KP0660_AC_SB20,AAGA,FW,NOISE,TRUE,AAGA
cur_sna_20m_0028,15.041111,-72.374199,14.7343941,KP0661_AC_SB20,AAGA,FW,,FALSE,AAGA
cur_sna_20m_0029,11.9634047,-20.750114,4.52117586,KP0662_AC_SB20,AAGA,FW,,TRUE,ALAM
cur_sna_20m_0030,5.20748186,-22.552402,-2.7031596,KP0664_LM_SB20,ALAM,FW,,TRUE,ALAM
cur_sna_20m_0031,17.532732,-65.789848,16.535923,KP0665_AC_SB20,AAGA,FW,,TRUE,AAGA
cur_sna_20m_0032,5.41018248,-20.001566,-2.9347086,KP0666_LM_SB20,ALAM,FW,,TRUE,ALAM
cur_sna_20m_0033,5.83304453,-16.816814,-3.2034576,KP0668_AC_SB20,AAGA,FW,,FALSE,AAGA
cur_sna_20m_0034,15.9179611,-64.266945,15.9817228,KP0669_AC_SB20,NO_CORAL,FW,NO_CORAL,FALSE,AHUM
cur_sna_20m_0035,5.69639254,-15.677289,-4.4515457,KP0670_LM_SB20,ALAM,FW,,FALSE,AAGA
cur_sna_20m_0036,28.0184956,-72.347626,19.6037598,KP0676_LM_SB20,ALAM,FW,,TRUE,ALAM
cur_sna_20m_0037,23.5492153,-71.881493,17.4438992,KP0678_AC_SB20,AAGA,FW,,TRUE,AAGA
cur_sna_20m_0038,36.3686905,-95.688545,32.4103279,KP0679_AC_SB20,NO_CORAL,FW,NO_CORAL,FALSE,PAST
cur_sna_20m_0039,20.9270153,-67.794083,15.4943304,KP0680_LM_SB20,ALAM,FW,NOISE,TRUE,ALAM
cur_sna_20m_0040,34.8738708,-95.548103,31.5334778,KP0681_AC_SB20,AAGA,FW,,FALSE,AAGA
cur_sna_20m_0041,24.0859547,-67.879112,17.2518272,KP0682_LM_SB20,ALAM,FW,,TRUE,ALAM
cur_sna_20m_0042,24.4936333,-53.586071,14.8133478,KP0686_AC_SB20,AAGA,FW,,FALSE,AAGA
cur_sna_20m_0043,19.0928421,-53.576202,13.975975,KP0688_AC_SB20,AAGA,FW,,FALSE,AAGA
cur_sna_20m_0044,16.110033,-51.881718,12.9958763,KP0690_AC_SB20,AAGA,FW,,FALSE,AAGA
cur_sna_20m_0045,28.673666,-91.251152,28.8976135,KP0691_AC_SB20,AAGA,FW,,FALSE,AAGA
cur_sna_20m_0046,27.6199265,-91.797005,27.1985741,KP0693_AC_SB20,AAGA,FW,NO_CORAL,FALSE,PAST
cur_sna_20m_0047,12.4682579,-63.214722,9.24553871,KP0694_LM_SB20,ALAM,FW,,TRUE,ALAM
cur_sna_20m_0048,13.7588596,-58.818321,13.1644144,KP0696_AC_SB20,AAGA,FW,,FALSE,AAGA
cur_sna_20m_0049,14.8042479,-53.422089,11.7310867,KP0698_AC_SB20,AAGA,FW,,TRUE,AAGA
cur_sna_20m_0050,28.997076,-89.214279,26.3194466,KP0699_AC_SB20,AAGA,FW,,FALSE,AAGA
cur_sna_20m_0051,30.991436,-86.510086,25.3909721,KP0703_AC_SB20,AAGA,FW,,FALSE,AAGA
cur_sna_20m_0052,27.424818,-102.95919,30.7545624,KP0704_AC_SB20,AAGA,FW,,FALSE,AAGA
cur_sna_20m_0053,28.4246559,-100.13885,28.4891758,KP0706_LM_SB20,ALAM,FW,,FALSE,ALAM
cur_sna_20m_0054,33.0571594,-85.356895,24.3569717,KP0707_LM_SB20,ALAM,FW,NOISE,TRUE,ALAM
cur_sna_20m_0055,25.9216461,-100.24817,29.1671219,KP0708_AC_SB20,AAGA,FW,,FALSE,AAGA
cur_sna_20m_0056,33.3752518,-83.710999,25.8533115,KP0709_AC_SB20,AAGA,FW,,TRUE,AAGA
cur_sna_20m_0057,32.9372063,-80.533844,26.5335331,KP0711_AC_SB20,AAGA,FW,,FALSE,AAGA
cur_sna_20m_0058,26.8182354,-94.777534,28.0655537,KP0712_AC_SB20,AAGA,FW,,TRUE,AAGA
cur_sna_20m_0059,21.6884708,-93.460365,25.1503124,KP0714_AC_SB20,AAGA,FW,NOISE,TRUE,AAGA
cur_sna_20m_0060,24.5984001,-84.817879,24.0525417,KP0716_LM_SB20,ALAM,FW,,FALSE,ALAM
cur_sna_20m_0061,34.8761482,-141.34018,50.1606636,KP0717_AC_SB20,AAGA,FW,,TRUE,AAGA
cur_sna_20m_0062,21.3498783,-82.609436,19.74193,KP0718_LM_SB20,ALAM,FW,,TRUE,ALAM
cur_sna_20m_0063,40.1197891,-140.61821,50.2730217,KP0720_AC_SB20,AAGA,FW,,FALSE,AAGA
cur_sna_20m_0064,39.857872,-135.03065,46.4308243,KP0724_AC_SB20,AAGA,FW,,FALSE,AAGA
cur_sna_20m_0065,29.4214554,-132.88673,42.4307137,KP0727_AC_SB20,AAGA,FW,,FALSE,AAGA
cur_sna_20m_0066,36.4248695,-133.67172,44.1555672,KP0730_AC_SB20,AAGA,FW,,FALSE,AAGA
cur_sna_20m_0067,26.9131317,-118.93457,32.3146706,KP0731_LM_SB20,ALAM,FW,,FALSE,OFRA
cur_sna_20m_0068,37.8058128,-131.08977,43.5907402,KP0732_LM_SB20,ALAM,FW,,FALSE,AAGA
cur_sna_20m_0069,38.1277046,-127.41307,45.2533379,KP0734_AC_SB20,AAGA,FW,,TRUE,AAGA
cur_sna_20m_0070,13.7778397,19.9000568,-10.367059,,AAGA,FW,,TRUE,AAGA
cur_sna_20m_0071,13.0034781,12.5436239,-10.79903,,ALAM,FW,,TRUE,ALAM
cur_sna_20m_0072,11.7265415,-0.6501256,-10.081608,,AAGA,FW,,FALSE,AAGA
cur_sna_20m_0073,6.05092859,-2.936769,-8.5662889,,ALAM,FW,,TRUE,ALAM
cur_sna_20m_0074,4.03758907,-7.7195888,-8.5753994,,ALAM,FW,,TRUE,ALAM
cur_sna_20m_0075,6.30145693,-8.3390779,-5.0178924,,ALAM,FW,,TRUE,ALAM
cur_sna_20m_0076,8.57747173,-8.1561155,-6.4208527,,ALAM,FW,,TRUE,ALAM
cur_sna_20m_0077,14.3737936,-6.4836473,-3.431211,,AAGA,FW,,TRUE,AAGA
cur_sna_20m_0078,15.5452051,-9.8156786,-1.3654883,,AAGA,FW,,TRUE,AAGA
cur_sna_20m_0079,16.980051,-11.40236,-0.2882151,,AAGA,FW,,TRUE,AAGA
cur_sna_20m_0080,17.5441208,-14.048094,0.32064539,,AAGA,FW,,TRUE,AAGA
cur_sna_20m_0081,10.1375818,-16.059916,0.24017255,,ALAM,FW,,TRUE,ALAM
cur_sna_20m_0082,0.78299427,-13.69128,-4.0051494,,AAGA,FW,,TRUE,AAGA
cur_sna_20m_0083,15.9156837,-24.174767,2.48430181,,ALAM,FW,,TRUE,ALAM
cur_sna_20m_0084,19.5392399,-27.866648,3.19944739,,AAGA,FW,,TRUE,AAGA
cur_sna_20m_0085,12.785594,-26.573008,1.01453388,,AAGA,FW,,TRUE,AAGA
cur_sna_20m_0086,14.9940424,-42.50663,6.42974854,,AAGA,FW,,TRUE,AAGA
cur_sna_20m_0087,23.8430176,-40.503159,8.36944771,,ALAM,FW,,TRUE,ALAM
cur_sna_20m_0088,17.0051041,-57.709164,13.9342203,,AAGA,FW,,FALSE,ALAM
cur_sna_20m_0089,27.1469593,-53.505596,18.306324,,AAGA,FW,,TRUE,AAGA
cur_sna_20m_0090,29.5975857,-55.80135,19.4025784,,AAGA,FW,,TRUE,AAGA
cur_sna_20m_0091,28.9500065,-57.124596,19.0191936,,AAGA,FW,,FALSE,AAGA
cur_sna_20m_0092,29.083622,-63.074272,19.9119854,,ALAM,FW,,TRUE,AAGA
cur_sna_20m_0093,22.7163982,-68.734703,15.640852,,AAGA,FW,,TRUE,AAGA
cur_sna_20m_0094,32.7307129,-67.23912,20.8062973,,ALAM,FW,,TRUE,ALAM
cur_sna_20m_0095,36.4180374,-76.596748,23.5659084,,AAGA,FW,,TRUE,AAGA
cur_sna_20m_0096,36.3170662,-83.195518,27.3458538,,AAGA,FW,,TRUE,AAGA
cur_sna_20m_0097,38.018383,-80.917229,26.0241261,,ALAM,FW,,TRUE,ALAM
cur_sna_20m_0098,38.5703049,-82.670166,25.8722897,,ALAM,FW,,TRUE,AAGA
cur_sna_20m_0099,39.1996651,-84.074646,26.8432789,,AAGA,FW,,TRUE,AAGA
cur_sna_20m_0100,37.4558334,-84.776886,27.6616726,,AAGA,FW,,TRUE,AAGA
cur_sna_20m_0101,28.8277779,-96.002846,29.1883793,,AAGA,FW,,TRUE,AAGA
cur_sna_20m_0102,30.2474403,-94.856491,28.8376389,,AAGA,FW,,TRUE,ALAM
cur_sna_20m_0103,41.8879128,-101.76804,33.5232849,,ALAM,FW,,TRUE,ALAM
cur_sna_20m_0104,33.0647507,-107.46188,32.5059853,,ALAM,FW,,TRUE,ALAM
cur_sna_20m_0105,33.0708237,-109.97931,32.5317955,,ALAM,FW,,TRUE,ALAM
cur_sna_20m_0106,36.5698738,-114.68925,36.7960968,,ALAM,FW,,FALSE,ALAM
cur_sna_20m_0107,38.6454659,-115.39301,41.955471,,AAGA,FW,,TRUE,AAGA
cur_sna_20m_0108,43.8815155,-108.61355,35.9093781,,ALAM,FW,,TRUE,AAGA
cur_sna_20m_0109,34.5352783,-119.19724,39.7872581,,AAGA,FW,,TRUE,AAGA
cur_sna_20m_0110,39.7447548,-123.99373,45.1113701,,AAGA,FW,,FALSE,AAGA
cur_sna_20m_0111,34.9816742,-126.99097,44.6596603,,AAGA,FW,,TRUE,AAGA
cur_sna_20m_0112,39.6255646,-132.27408,45.6002808,,AAGA,FW,,FALSE,AAGA
cur_sna_20m_0113,44.1381149,-128.0986,45.71492,,ALAM,FW,CHECK_ID,FALSE,ALAM
cur_sna_20m_0114,41.7330399,-127.78886,46.5925293,,AAGA,FW,,TRUE,AAGA
cur_sna_20m_0115,48.9209366,-129.60027,47.0548668,,AAGA,FW,,TRUE,AAGA
cur_sna_20m_0116,47.1163712,-127.74255,47.0153885,,AAGA,FW,,TRUE,AAGA
cur_sna_20m_0117,50.2980843,-129.88571,47.6348801,,AAGA,FW,,TRUE,AAGA
cur_sna_20m_0118,49.3696098,-135.38292,51.1999779,,AAGA,FW,,TRUE,ALAM
cur_sna_20m_0119,45.9776039,-138.35358,47.2484589,,AAGA,FW,,FALSE,AAGA
cur_sna_20m_0120,45.7005043,-139.75122,46.8149681,,ALAM,FW,,TRUE,ALAM
cur_sna_20m_0121,36.2388725,-137.02654,48.7880707,,AAGA,FW,,FALSE,AAGA
cur_sna_20m_0122,36.9874191,-135.73289,47.4147186,,AAGA,FW,,FALSE,AAGA
cur_sna_20m_0123,27.7011585,-120.38763,34.8169212,,ALAM,FW,,TRUE,ALAM
cur_sna_20m_0124,32.693512,-114.40456,35.3566971,,ALAM,FW,,FALSE,ALAM
cur_sna_20m_0125,24.3516674,-119.57304,33.1361008,,ALAM,FW,,TRUE,ALAM
cur_sna_20m_0126,20.6430836,-121.33965,32.6790771,,ALAM,FW,,TRUE,AAGA
cur_sna_20m_0127,22.8644371,-112.71311,30.5511017,,ALAM,FW,,TRUE,ALAM
cur_sna_20m_0128,25.5762196,-104.25967,31.9563408,,AAGA,FW,,TRUE,ALAM
cur_sna_20m_0129,20.3864822,-103.45493,28.1634884,,ALAM,FW,,TRUE,ALAM
cur_sna_20m_0130,9.85213089,-75.631828,12.5707369,,ALAM,FW,,TRUE,ALAM
cur_sna_20m_0131,11.4539967,-73.080994,12.0013542,,ALAM,FW,,TRUE,AAGA
cur_sna_20m_0132,6.8002367,-72.494148,11.5686226,,ALAM,FW,,TRUE,ALAM
cur_sna_20m_0133,8.83255577,-68.75444,11.3135386,,AAGA,FW,,TRUE,AAGA
cur_sna_20m_0134,8.13335323,-66.100357,10.7061968,,AAGA,FW,,TRUE,AAGA
cur_sna_20m_0135,10.5915709,-65.690399,11.1062832,,AAGA,FW,,TRUE,AAGA
cur_sna_20m_0136,9.95006561,-63.987564,9.82858753,,AAGA,FW,,FALSE,AAGA
cur_sna_20m_0137,8.27304173,-58.550335,7.04695988,,AAGA,FW,,FALSE,SINT
cur_sna_20m_0138,13.288929,-53.632381,8.90694523,,ALAM,FW,,FALSE,AGRA
cur_sna_20m_0139,4.61836004,-50.545563,4.86887932,,AAGA,FW,,TRUE,AAGA
cur_sna_20m_0140,12.3095894,-45.584335,8.35198689,,AAGA,FW,,TRUE,ALAM
cur_sna_20m_0141,6.62790346,-45.867512,6.14050198,,AAGA,FW,,FALSE,AAGA
cur_sna_20m_0142,-1.4930205,-40.950317,-0.3489494,,ALAM,FW,,TRUE,AAGA
cur_sna_20m_0143,5.39651728,-38.001671,2.31120944,,AAGA,FW,,TRUE,ALAM
cur_sna_20m_0144,3.7938931,-38.061646,1.12841046,,ALAM,FW,,TRUE,AAGA
cur_sna_20m_0145,0.5089311,-38.150467,1.42600811,,AAGA,FW,,TRUE,ALAM
cur_sna_20m_0146,-6.7571588,-34.477566,-0.9403488,,AAGA,FW,,TRUE,ALAM
cur_sna_20m_0147,-5.3944349,-23.997118,-3.059973,,AAGA,FW,,FALSE,AAGA
cur_sna_20m_0148,-10.427024,-23.399645,-4.888073,,AAGA,FW,,TRUE,AAGA
cur_sna_20m_0149,-7.2324042,-20.440371,-6.6303859,,ALAM,FW,,TRUE,AAGA
cur_sna_20m_0150,-8.4804926,-19.722948,-8.7697487,,ALAM,FW,,TRUE,ALAM
cur_sna_20m_0151,-5.3101664,-10.98633,-9.2434759,,AAGA,FW,,TRUE,AAGA
cur_sna_20m_0152,-0.9745021,-7.913938,-7.075264,,AAGA,FW,,TRUE,AAGA
cur_sna_20m_0153,1.75777841,-4.9819937,-9.9107924,,ALAM,FW,,FALSE,AAGA
cur_sna_20m_0154,-10.432339,-8.7285357,-12.257411,,ALAM,FW,,TRUE,ALAM
cur_sna_20m_0155,-10.610745,-3.0149641,-13.234473,,AAGA,FW,,TRUE,AAGA
cur_sna_20m_0156,-10.795984,-5.7768526,-13.512332,,ALAM,FW,,TRUE,ALAM
cur_sna_20m_0157,0.52335548,-0.0906116,-11.929446,,ALAM,FW,,FALSE,ALAM
cur_sna_20m_0158,1.04566979,-0.9689803,-11.163436,,AAGA,FW,,TRUE,AAGA
cur_sna_20m_0159,-5.5075521,2.68418288,-14.750551,,ALAM,FW,,FALSE,ALAM
cur_sna_20m_0160,-8.5101004,5.55767059,-17.140442,,ALAM,FW,,TRUE,ALAM
cur_sna_20m_0161,-6.6189885,12.8040218,-14.800656,,AAGA,FW,,TRUE,AAGA
cur_sna_20m_0162,-5.8203335,16.4860344,-16.889914,,ALAM,FW,,TRUE,ALAM
cur_sna_20m_0163,-2.2408106,19.8757629,-18.399918,,ALAM,FW,,FALSE,ALAM
cur_sna_20m_0164,23.609951,-79.327507,22.5516472,,CNAT,FW,,TRUE,CNAT
cur_sna_20m_0165,23.7306595,-76.419861,22.5417767,,CNAT,FW,,FALSE,CNAT
cur_sna_20m_0166,23.851368,-73.791588,20.0493965,,CNAT,FW,,TRUE,CNAT
cur_sna_20m_0167,3.15011048,-25.992237,-0.4453649,,CNAT,FW,RARE,TRUE,CNAT
cur_sna_20m_0168,42.8095551,-128.58447,46.2782288,,CNAT,FW,,TRUE,CNAT
cur_sna_20m_0169,31.7043037,-89.896019,28.6911163,,CNAT,FW,,TRUE,CNAT
cur_sna_20m_0170,21.4645138,-65.630424,17.7991943,,CNAT,FW,,TRUE,CNAT
cur_sna_20m_0171,23.733696,-46.3587,12.7772331,,CNAT,FW,RARE,TRUE,CNAT
cur_sna_20m_0172,38.0745621,-149.69873,49.19347,,EFAS,FW,,FALSE,EFAS
cur_sna_20m_0173,36.6533813,-149.89992,49.2086525,,EFAS,FW,,TRUE,EFAS
cur_sna_20m_0174,44.8456688,-146.28242,50.8970642,,EFAS,FW,,TRUE,EFAS
cur_sna_20m_0175,38.3721619,-141.13521,51.3047447,,EFAS,FW,,FALSE,EFAS
cur_sna_20m_0176,38.093544,-138.51225,49.5024567,,EFAS,FW,,TRUE,EFAS
cur_sna_20m_0177,29.0593281,-141.81543,47.1505241,,EFAS,FW,,TRUE,EFAS
cur_sna_20m_0178,24.6948147,-110.55932,30.1699944,,EFAS,FW,,TRUE,EFAS
cur_sna_20m_0179,24.000927,-109.80622,30.1373501,,EFAS,FW,NOISE,TRUE,EFAS
cur_sna_20m_0180,29.1079159,-104.04633,32.7808075,,EFAS,FW,,TRUE,EFAS
cur_sna_20m_0181,18.6358185,-87.621529,21.6170998,,EFAS,FW,,FALSE,AAGA
cur_sna_20m_0182,15.7084284,-85.685623,19.4898834,,AAGA,FW,,TRUE,AAGA
cur_sna_20m_0183,21.627737,-72.119873,17.4211235,,EFAS,FW,,FALSE,EFAS
cur_sna_20m_0184,3.82350111,-41.569046,4.15525198,,EFAS,FW,,TRUE,EFAS
cur_sna_20m_0185,8.06426811,-29.902761,3.68532109,,EFAS,FW,,FALSE,EFAS
cur_sna_20m_0186,4.5728097,-25.025045,0.11490823,,EFAS,FW,,FALSE,EFAS
cur_sna_20m_0187,-0.6784229,-25.236855,-0.6101065,,EFAS,FW,NOISE,TRUE,EFAS
cur_sna_20m_0188,-2.8132305,-21.573063,-3.5625486,,EFAS,FW,,TRUE,EFAS
cur_sna_20m_0189,39.6293602,-130.29034,44.2679253,,EFAS,FW,,TRUE,EFAS
cur_sna_20m_0190,38.5725822,-130.24936,44.3969841,,EFAS,FW,,TRUE,EFAS
cur_sna_20m_0191,42.9355774,-120.12268,45.5433426,,EFAS,FW,,FALSE,EFAS
cur_sna_20m_0192,42.5089188,-122.82308,46.1605568,,EFAS,FW,,TRUE,EFAS
cur_sna_20m_0193,43.8336868,-117.26969,44.471386,,EFAS,FW,,FALSE,EFAS
cur_sna_20m_0194,36.5744286,-103.27956,34.5208435,,EFAS,FW,NOISE,TRUE,EFAS
cur_sna_20m_0195,35.4880447,-93.358635,30.1047058,,EFAS,FW,NOISE,TRUE,EFAS
cur_sna_20m_0196,22.6298523,-66.13604,18.1529713,,EFAS,FW,,TRUE,EFAS
cur_sna_20m_0197,8.55165958,-31.293575,4.91670752,,EFAS,FW,,FALSE,EFAS
cur_sna_20m_0198,4.72995901,-5.6462741,-6.6470876,,EFAS,FW,,FALSE,EFAS
cur_sna_20m_0199,26.1600285,-145.05635,47.423069,,OFAV,FW,,TRUE,OFAV
cur_sna_20m_0200,16.0743523,-74.691971,14.8558617,,MCAV,FW,,FALSE,MCAV
cur_sna_20m_0201,19.3790531,-68.179741,16.4508953,,MCAV,FW,,TRUE,MCAV
cur_sna_20m_0202,14.1877956,-72.997482,15.5839138,,MCAV,FW,,TRUE,MCAV
cur_sna_20m_0203,7.63077736,-36.900864,6.94143438,,MCAV,FW,,TRUE,MCAV
cur_sna_20m_0204,10.4549189,-37.806561,4.64036655,,OFAV,FW,,TRUE,OFAV
cur_sna_20m_0205,2.05006194,-31.405933,4.36554432,,OFRA,FW,,FALSE,OFRA
cur_sna_20m_0206,-2.5255022,-33.721424,1.63098609,,OFRA,FW,,TRUE,OFRA
cur_sna_20m_0207,1.83065951,-26.989798,1.68564689,,OFRA,FW,,TRUE,OFRA
cur_sna_20m_0208,-0.4195433,-26.444708,-0.2586072,,OFRA,FW,,TRUE,OFRA
cur_sna_20m_0209,-3.8760793,-18.105141,-4.7286458,,MCAV,FW,,TRUE,MCAV
cur_sna_20m_0210,38.3304062,-121.48996,43.7099304,,OFRA,FW,,TRUE,OFRA
cur_sna_20m_0211,27.6457386,-82.204796,24.3562126,,MCAV,FW,,FALSE,MCAV
cur_sna_20m_0212,10.8041401,-32.29417,4.70565605,,MCAV,FW,,TRUE,MCAV
cur_sna_20m_0213,4.29798698,-16.254265,-3.7538614,,MCAV,FW,,TRUE,MCAV
cur_sna_20m_0214,9.81872749,20.1999321,-8.2322512,,MCAV,FW,,FALSE,MCAV
cur_sna_20m_0215,1.77827621,14.8568382,-11.082204,,MCAV,FW,,FALSE,MCAV
cur_sna_20m_0216,37.4558334,-137.27403,49.0985718,,MDEC,FW,RARE,TRUE,MMIR
cur_sna_20m_0217,40.2860489,-136.65834,46.6061935,,MDEC,FW,,FALSE,AAGA
cur_sna_20m_0218,26.6534939,-67.805466,17.8606873,,MDEC,FW,RARE,TRUE,EFAS
cur_sna_20m_0219,33.067028,-129.64581,43.6666565,,MMEA,FW,,TRUE,MMEA
cur_sna_20m_0220,19.2492332,-101.65189,28.4436245,,MMEA,FW,,TRUE,MMEA
cur_sna_20m_0221,17.2002125,-98.265953,24.1109982,,MMEA,FW,,TRUE,MMEA
cur_sna_20m_0222,25.4266624,-93.669891,26.6815739,,MMEA,FW,,TRUE,MMEA
cur_sna_20m_0223,21.6451988,-89.672821,22.0566635,,MMEA,FW,,TRUE,MMEA
cur_sna_20m_0224,20.4988403,-69.147697,16.11306,,MMEA,FW,,FALSE,MMEA
cur_sna_20m_0225,15.9452915,-66.221062,16.5245342,,MMEA,FW,,TRUE,MMEA
cur_sna_20m_0226,10.1679497,-70.159676,13.2084465,,MMEA,FW,,TRUE,MMEA
cur_sna_20m_0227,10.7008924,-45.244225,6.39634466,,MMEA,FW,,TRUE,MMEA
cur_sna_20m_0228,10.1436558,-46.774727,7.25649309,,MMEA,FW,,TRUE,MMEA
cur_sna_20m_0229,-3.852545,-30.365101,0.93709773,,MMEA,FW,,TRUE,MMEA
cur_sna_20m_0230,-1.6532071,7.34249735,-12.316627,,MMEA,FW,,TRUE,MMEA
cur_sna_20m_0231,-1.9128458,11.5384731,-11.870231,,MMEA,FW,,TRUE,MMEA
cur_sna_20m_0232,36.5379868,-123.52911,43.7843285,,MMEA,FW,,TRUE,MMEA
cur_sna_20m_0233,30.5085983,-87.724777,25.9778156,,MMEA,FW,,TRUE,MMEA
cur_sna_20m_0234,26.9989185,-73.173615,19.8132935,,MMEA,FW,,TRUE,MMEA
cur_sna_20m_0235,18.3814926,-50.387653,13.683692,,MMEA,FW,,TRUE,MMEA
cur_sna_20m_0236,15.2362194,-34.829826,5.1421833,,MMEA,FW,,FALSE,MMEA
cur_sna_20m_0237,10.0874767,-16.520737,4.15828896,,MMEA,FW,,TRUE,MMEA
cur_sna_20m_0238,3.21312213,-9.1521568,-4.6542463,,MMEA,FW,,TRUE,MMEA
cur_sna_20m_0239,10.2362757,16.5710621,-9.6807623,,MMEA,FW,,TRUE,MMEA
cur_sna_20m_0240,40.1357307,-147.36502,49.4288139,,MMIR,FW,,TRUE,MMIR
cur_sna_20m_0241,36.707283,-149.30016,48.7888298,,MMIR,FW,,FALSE,EFAS
cur_sna_20m_0242,35.4106102,-150.79422,49.4417229,,MMIR,FW,,FALSE,MMIR
cur_sna_20m_0243,10.8132505,-68.995857,11.838131,,MMIR,FW,,FALSE,ALAM
cur_sna_20m_0244,7.53967619,-67.57164,10.6257238,,MMIR,FW,,FALSE,MMIR
cur_sna_20m_0245,20.422163,-62.12682,17.548666,,MMIR,FW,,FALSE,MMIR
cur_sna_20m_0246,16.9261494,-63.687687,16.3172798,,MMIR,FW,,FALSE,PAST
cur_sna_20m_0247,17.3262367,-60.346546,15.3144054,,MMIR,FW,,FALSE,MMIR
cur_sna_20m_0249,39.4372864,-115.23358,42.7017403,,MMIR,FW,,FALSE,MMIR
cur_sna_20m_0250,25.8457279,-61.990166,17.8424664,,MMIR,FW,,TRUE,MMIR
cur_sna_20m_0251,19.0040188,-58.98534,14.4701996,,MMIR,FW,,FALSE,PAST
cur_sna_20m_0252,25.200428,-56.254581,16.3020954,,MMIR,FW,NOISE,TRUE,MMIR
cur_sna_20m_0253,20.2050381,-56.214344,14.5020857,,MMIR,FW,NOISE,TRUE,MMIR
cur_sna_20m_0254,19.136116,-57.94223,14.360878,,MMIR,FW,,FALSE,DSTR
cur_sna_20m_0255,17.2958698,-56.170311,14.2325773,,MMIR,FW,,FALSE,MMIR
cur_sna_20m_0256,41.5432472,-145.08141,49.2777405,,SINT,FW,,FALSE,AAGA
cur_sna_20m_0257,50.1363792,-142.51843,50.0050316,,SINT,FW,,FALSE,SINT
cur_sna_20m_0258,31.612442,-124.61777,36.2031822,,SINT,FW,,TRUE,SINT
cur_sna_20m_0259,31.0187664,-124.47733,36.3125038,,SINT,FW,,TRUE,SINT
cur_sna_20m_0260,32.190937,-123.74168,35.3240509,,SINT,FW,,TRUE,SINT
cur_sna_20m_0261,27.4384842,-108.02518,32.5424271,,SINT,FW,,FALSE,SINT
cur_sna_20m_0262,20.1435452,-107.83843,30.0075302,,SINT,FW,,FALSE,SINT
cur_sna_20m_0263,21.1046638,-106.95247,29.8010349,,SINT,FW,,TRUE,SINT
cur_sna_20m_0264,20.3120823,-108.75172,30.1532936,,SINT,FW,,FALSE,SINT
cur_sna_20m_0265,21.2899036,-97.932678,26.1061172,,SINT,FW,,TRUE,SINT
cur_sna_20m_0267,22.5622845,-93.291061,25.9132862,,SINT,FW,,TRUE,SINT
cur_sna_20m_0268,15.6545267,-92.679924,22.3557796,,SINT,FW,,FALSE,SINT
cur_sna_20m_0269,22.4438534,-83.316231,20.1739025,,SINT,FW,,TRUE,SINT
cur_sna_20m_0270,24.5953636,-82.219215,20.8328686,,SINT,FW,,TRUE,SINT
cur_sna_20m_0271,18.9311371,-80.05632,20.9748344,,SINT,FW,,FALSE,SINT
cur_sna_20m_0272,19.0252762,-80.887619,20.7197514,,SINT,FW,,TRUE,SINT
cur_sna_20m_0273,19.3555183,-77.015053,21.3346844,,SINT,FW,,TRUE,SINT
cur_sna_20m_0274,18.4445057,-72.933716,15.1147413,,SINT,FW,NOISE,TRUE,SINT
cur_sna_20m_0275,12.9305973,-52.155022,8.57290745,,SINT,FW,,FALSE,SINT
cur_sna_20m_0276,8.20243835,-53.994507,7.21473837,,SINT,FW,,FALSE,SINT
cur_sna_20m_0277,4.13020897,-49.056816,3.26245904,,SINT,FW,,FALSE,SINT
cur_sna_20m_0278,12.7726879,-42.107304,5.93552399,,SINT,FW,,TRUE,SINT
cur_sna_20m_0279,-4.7870927,-14.117938,-5.4096279,,SINT,FW,,FALSE,SINT
cur_sna_20m_0280,-6.6174703,-15.903524,-6.4671626,,SINT,FW,,FALSE,SINT
cur_sna_20m_0281,-1.7351983,-7.2458615,-9.3748131,,SINT,FW,,FALSE,SINT
cur_sna_20m_0282,0.52639216,-6.2103434,-10.925055,,MPHA,FW,,FALSE,PAST
cur_sna_20m_0283,-6.9644146,18.4462318,-18.301985,,SINT,FW,,FALSE,SINT
cur_sna_20m_0284,-1.7534186,20.0253201,-17.156385,,SINT,FW,,FALSE,SINT
cur_sna_20m_0285,42.1726036,-137.11536,46.6259308,,SINT,FW,,FALSE,SINT
cur_sna_20m_0286,43.5140724,-135.02078,46.1286697,,SINT,FW,,FALSE,SINT
cur_sna_20m_0287,39.111599,-105.78485,33.7943115,,MPHA,FW,,TRUE,MPHA
cur_sna_20m_0288,33.3441277,-90.145035,26.9002171,,SINT,FW,,TRUE,SINT
cur_sna_20m_0289,29.9650269,-83.612305,25.557991,,SINT,FW,,FALSE,SINT
cur_sna_20m_0290,28.6698704,-81.68248,26.1941814,,SINT,FW,,FALSE,PAST
cur_sna_20m_0291,24.3805161,-71.725105,17.541832,,SINT,FW,,FALSE,SIDE
cur_sna_20m_0292,14.8384104,-45.650387,7.59356785,,MPHA,FW,,FALSE,SIDE
cur_sna_20m_0293,13.5007391,-33.144451,4.6965456,,SINT,FW,,FALSE,CNAT
cur_sna_20m_0294,13.2433786,-33.584015,5.03741646,,SINT,FW,,FALSE,OANN
cur_sna_20m_0295,12.1987495,-13.011057,0.23333995,,SINT,FW,,FALSE,SINT
cur_sna_20m_0296,8.03693771,-2.7674723,-10.496878,,SINT,FW,,FALSE,MPHA
cur_sna_20m_0297,8.64731598,2.68114638,-12.20275,,MPHA,FW,,TRUE,SINT
cur_sna_20m_0298,1.23090911,14.0862732,-11.442055,,SINT,FW,,FALSE,SINT
cur_sna_20m_0299,37.3578987,-144.28731,50.9615936,,SINT,FW,,FALSE,SINT
cur_sna_20m_0300,0.46489879,1.6213342,-12.465425,,SINT,FW,,FALSE,OANN
cur_sna_20m_0301,-7.1633191,19.8180656,-18.484186,,SINT,FW,,FALSE,SINT
cur_sna_20m_0302,40.3019905,-118.04633,43.7395363,,OANN,FW,,FALSE,OANN
cur_sna_20m_0303,28.8095589,-136.50119,46.3237801,,OFRA,FW,,TRUE,OFRA
cur_sna_20m_0304,26.1858406,-134.47038,42.3115234,,OFRA,FW,,FALSE,OFRA
cur_sna_20m_0305,34.4320297,-129.60785,44.7105255,,OFRA,FW,,TRUE,OFRA
cur_sna_20m_0306,35.76894,-119.43108,42.5316849,,OFRA,FW,,TRUE,OFRA
cur_sna_20m_0307,36.5668373,-116.78002,41.7603607,,OFRA,FW,,TRUE,OFRA
cur_sna_20m_0308,34.2536201,-107.89461,34.4153175,,OFRA,FW,,TRUE,OFRA
cur_sna_20m_0309,22.9889431,-92.056641,25.3659191,,SINT,FW,,TRUE,SINT
cur_sna_20m_0310,17.6488857,-90.28624,22.3656483,,OFRA,FW,,FALSE,EFAS
cur_sna_20m_0311,13.15835,-75.167213,18.1446209,,OFRA,FW,,FALSE,OFRA
cur_sna_20m_0312,13.4908705,-47.458748,9.08535194,,MPHA,FW,,TRUE,MPHA
cur_sna_20m_0313,0.36392814,-44.359024,4.12108898,,OFRA,FW,,TRUE,OFRA
cur_sna_20m_0314,0.42086649,-42.626579,4.38907862,,OFRA,FW,,FALSE,OFRA
cur_sna_20m_0315,6.49960232,-29.916428,5.64096308,,OANN,FW,,TRUE,OANN
cur_sna_20m_0316,6.22250271,-27.17124,3.5008409,,OFRA,FW,,TRUE,OFRA
cur_sna_20m_0317,4.33290911,-28.391998,2.54427695,,SINT,FW,,FALSE,PAST
cur_sna_20m_0318,1.78283131,-26.502405,0.08985537,,OFRA,FW,,FALSE,SINT
cur_sna_20m_0319,-2.3858135,-28.010891,-0.8378598,,OFRA,FW,,TRUE,OFRA
cur_sna_20m_0320,-6.6174703,0.65717846,-14.087029,,OFRA,FW,,FALSE,OFRA
cur_sna_20m_0321,-4.0818167,5.4589777,-10.909871,,OFRA,FW,,TRUE,OFRA
cur_sna_20m_0322,-4.4522953,11.922617,-13.08947,,OFRA,FW,,TRUE,OFRA
cur_sna_20m_0323,-3.9603481,13.7529945,-13.03405,,OFRA,FW,,TRUE,OFRA
cur_sna_20m_0324,-4.8933778,16.3501415,-14.029332,,OFRA,FW,,FALSE,OFRA
cur_sna_20m_0325,-6.6060824,15.6296816,-14.386905,,OFAV,FW,,TRUE,OFAV
cur_sna_20m_0326,-9.6344423,14.9547729,-15.241738,,OFRA,FW,,TRUE,OFRA
cur_sna_20m_0327,40.112957,-120.00425,45.2070274,,OFRA,FW,,FALSE,OFRA
cur_sna_20m_0328,19.4769859,-46.613781,10.011549,,OFRA,FW,,TRUE,OFRA
cur_sna_20m_0329,18.6396141,-39.13512,8.25936699,,OFRA,FW,,TRUE,OFRA
cur_sna_20m_0330,34.3416862,-149.17413,48.7129097,,PAST,FW,,TRUE,PAST
cur_sna_20m_0331,31.4439049,-147.73625,47.5323906,,PAST,FW,,TRUE,PAST
cur_sna_20m_0332,27.2016201,-140.53773,46.9144173,,SINT,FW,,TRUE,SINT
cur_sna_20m_0333,37.1210365,-137.29984,49.0499878,,PAST,FW,,FALSE,PAST
cur_sna_20m_0334,37.385231,-139.77097,48.7812386,,PAST,FW,,FALSE,PAST
cur_sna_20m_0335,33.0928383,-134.21074,43.6947479,,PAST,FW,NOISE,TRUE,PAST
cur_sna_20m_0337,27.6935673,-136.05176,45.2632065,,PAST,FW,NOISE,TRUE,PAST
cur_sna_20m_0338,29.9673042,-134.88489,43.924778,,PAST,FW,,FALSE,PAST
cur_sna_20m_0339,38.658371,-142.28992,50.765728,,PAST,FW,,TRUE,PAST
cur_sna_20m_0340,28.1748848,-122.73425,37.1931496,,SINT,FW,,FALSE,PAST
cur_sna_20m_0341,25.2983608,-121.0633,35.2329521,,PAST,FW,,TRUE,PAST
cur_sna_20m_0342,32.2250977,-119.39311,39.189785,,PAST,FW,,TRUE,PAST
cur_sna_20m_0343,36.0855179,-115.86521,41.0922852,,PAST,FW,,TRUE,PAST
cur_sna_20m_0344,30.7849388,-113.89515,33.9188156,,PAST,FW,,TRUE,PAST
cur_sna_20m_0345,20.4145718,-105.86988,29.2255783,,PAST,FW,,FALSE,PAST
cur_sna_20m_0346,25.2535706,-103.27349,30.7613945,,PAST,FW,,FALSE,PAST
cur_sna_20m_0347,29.5004101,-100.18668,33.7130775,,PAST,FW,,FALSE,PAST
cur_sna_20m_0348,26.5259514,-91.743103,27.260067,,PAST,FW,,FALSE,PAST
cur_sna_20m_0349,25.5314293,-83.493118,25.6346684,,PAST,FW,,TRUE,PAST
cur_sna_20m_0350,19.1566143,-74.920479,18.5120621,,PAST,FW,,TRUE,PAST
cur_sna_20m_0351,19.7912865,-70.430702,16.9003277,,PAST,FW,,TRUE,PAST
cur_sna_20m_0352,18.943285,-71.132187,15.9217472,,PAST,FW,,TRUE,PAST
cur_sna_20m_0353,18.8407955,-69.54702,16.3916779,,PAST,FW,,FALSE,PAST
cur_sna_20m_0354,19.3418522,-66.51487,16.6065254,,PAST,FW,,FALSE,PAST
cur_sna_20m_0355,18.78158,-67.242157,16.0303097,,PAST,FW,,FALSE,PAST
cur_sna_20m_0356,18.4171753,-68.015762,16.2481937,,PAST,FW,,FALSE,PAST
cur_sna_20m_0357,11.5321913,-51.272854,8.5258379,,PAST,FW,,TRUE,PAST
cur_sna_20m_0358,10.9635677,-50.896305,7.64746952,,PAST,FW,,FALSE,PAST
cur_sna_20m_0359,6.22705793,-53.491932,4.83927107,,PAST,FW,,FALSE,PAST
cur_sna_20m_0360,5.83304453,-50.794575,5.08828163,,PAST,FW,,FALSE,PAST
cur_sna_20m_0361,12.5077353,-43.384239,7.22005272,,PAST,FW,,TRUE,PAST
cur_sna_20m_0363,4.69275951,-44.79631,3.82121396,,PAST,FW,,TRUE,PAST
cur_sna_20m_0364,11.0349302,-39.586834,3.94799662,,PAST,FW,,TRUE,PAST
cur_sna_20m_0365,-0.2821321,-38.408588,1.5148319,,PAST,FW,,FALSE,AAGA
cur_sna_20m_0367,6.74253941,-29.568724,2.89198041,,PAST,FW,,FALSE,PAST
cur_sna_20m_0368,-0.5440484,-31.410488,2.73027539,,PAST,FW,,FALSE,PAST
cur_sna_20m_0369,3.77415442,-27.186424,0.22347064,,PAST,FW,,FALSE,PAST
cur_sna_20m_0370,6.83971405,-26.344496,2.74318147,,PAST,FW,,FALSE,OFRA
cur_sna_20m_0371,-5.6677389,-19.562002,-4.5957894,,PAST,FW,,TRUE,PAST
cur_sna_20m_0372,0.2227211,-18.162079,-2.5915604,,PAST,FW,,FALSE,PAST
cur_sna_20m_0373,-5.9152308,0.98969829,-12.465425,,PAST,FW,NOISE,TRUE,PAST
cur_sna_20m_0374,-7.8594851,-2.0379024,-13.437933,,PAST,FW,,FALSE,PAST
cur_sna_20m_0375,-2.1565418,10.3124008,-12.447965,,PAST,FW,,FALSE,PAST
cur_sna_20m_0376,42.9750557,-137.77736,47.2848969,,PAST,FW,,TRUE,PAST
cur_sna_20m_0377,40.7423134,-137.86847,47.3008423,,PAST,FW,,TRUE,PAST
cur_sna_20m_0378,39.801693,-138.44771,47.4633064,,PAST,FW,,FALSE,SINT
cur_sna_20m_0379,39.0197411,-136.95213,47.2848969,,PAST,FW,,FALSE,PAST
cur_sna_20m_0380,40.9366646,-136.1922,46.4422112,,PAST,FW,,FALSE,PAST
cur_sna_20m_0381,39.1996651,-136.53763,46.6851463,,PAST,FW,,TRUE,PAST
cur_sna_20m_0382,38.6500206,-136.08516,46.9774323,,PAST,FW,,TRUE,PAST
cur_sna_20m_0383,44.5010033,-130.67905,46.3754044,,PAST,FW,,TRUE,PAST
cur_sna_20m_0384,43.8002815,-129.37857,46.2994843,,PAST,FW,,TRUE,PAST
cur_sna_20m_0385,40.7354813,-121.00257,44.3263817,,PAST,FW,,FALSE,OFRA
cur_sna_20m_0386,39.981617,-121.54007,43.837471,,PAST,FW,,FALSE,PAST
cur_sna_20m_0387,40.7666092,-122.55206,44.5662842,,PAST,FW,,TRUE,PAST
cur_sna_20m_0388,41.3390274,-112.85583,41.1454277,,PAST,FW,,FALSE,AAGA
cur_sna_20m_0389,42.6827736,-113.19595,41.7216415,,PAST,FW,,FALSE,PAST
cur_sna_20m_0390,41.4491081,-113.54745,41.7406235,,PAST,FW,,FALSE,PAST
cur_sna_20m_0391,39.7288132,-113.92096,41.2342529,,PAST,FW,,FALSE,PAST
cur_sna_20m_0392,37.862751,-112.19535,38.3486176,,PAST,FW,,TRUE,PAST
cur_sna_20m_0393,39.9869308,-105.26178,33.6584167,,PAST,FW,,TRUE,PAST
cur_sna_20m_0394,35.9253311,-100.12366,32.2964516,,PAST,FW,,TRUE,PAST
cur_sna_20m_0395,31.0210438,-103.77227,32.2379951,,PAST,FW,,FALSE,PAST
cur_sna_20m_0396,33.2940216,-94.410095,30.472147,,PAST,FW,,TRUE,PAST
cur_sna_20m_0397,31.9874763,-88.981216,26.6701851,,PAST,FW,,TRUE,PAST
cur_sna_20m_0398,30.5116348,-81.752319,26.4128246,,PAST,FW,,FALSE,PAST
cur_sna_20m_0399,28.5074062,-82.383957,25.6217613,,PAST,FW,,FALSE,PAST
cur_sna_20m_0400,28.3844185,-83.139343,25.6832542,,PAST,FW,,FALSE,PAST
cur_sna_20m_0401,29.0988045,-82.917664,26.0818233,,PAST,FW,,FALSE,PAST
cur_sna_20m_0402,28.4557819,-79.322952,25.5336971,,PAST,FW,,TRUE,PAST
cur_sna_20m_0403,25.3583355,-68.246552,18.2182598,,PAST,FW,,TRUE,PAST
cur_sna_20m_0404,21.7780533,-65.026878,17.560812,,PAST,FW,,FALSE,AAGA
cur_sna_20m_0405,18.4672794,-63.856987,16.1798687,,PAST,FW,,FALSE,PAST
cur_sna_20m_0406,16.8221416,-49.859268,12.4363623,,PAST,FW,,TRUE,PAST
cur_sna_20m_0407,19.6394501,-48.999878,11.1480379,,PAST,FW,,FALSE,PAST
cur_sna_20m_0408,22.3732491,-43.753201,10.036602,,PAST,FW,,TRUE,PAST
cur_sna_20m_0409,16.1646938,-32.871906,4.89089537,,PAST,FW,,FALSE,PAST
cur_sna_20m_0410,14.5446091,-34.305233,5.6105957,,PAST,FW,,FALSE,PAST
cur_sna_20m_0411,13.8006144,-33.412441,5.26592922,,PAST,FW,,TRUE,PAST
cur_sna_20m_0412,13.3838263,-33.848209,5.47849894,,PAST,FW,,FALSE,AAGA
cur_sna_20m_0413,10.9172573,-31.650389,3.97760439,,PAST,FW,,TRUE,PAST
cur_sna_20m_0414,11.7493162,-28.348724,2.08193779,,PAST,FW,,FALSE,PAST
cur_sna_20m_0415,8.40286064,-27.01409,1.31213152,,PAST,FW,,FALSE,PAST
cur_sna_20m_0416,14.9591198,-28.557499,1.74410367,,PAST,FW,,FALSE,PAST
cur_sna_20m_0417,10.0161133,-26.211639,0.65392441,,PAST,FW,,FALSE,PAST
cur_sna_20m_0418,12.9230051,-21.084913,3.711133,,PAST,FW,,FALSE,PAST
cur_sna_20m_0419,11.7538719,-15.152698,1.89062488,,PAST,FW,,FALSE,OFRA
cur_sna_20m_0420,9.48620796,-7.2686372,-5.242609,,PAST,FW,NOISE,TRUE,PAST
cur_sna_20m_0421,9.18253708,-3.7559216,-9.8895359,,ALAM,FW,,TRUE,ALAM
cur_sna_20m_0422,3.56082559,-9.5044155,-4.1964622,,PAST,FW,,FALSE,PAST
cur_sna_20m_0423,3.21691799,10.6031656,-10.835471,,PAST,FW,,FALSE,PAST
cur_sna_20m_0424,2.16545701,10.7504463,-10.863561,,PAST,FW,,FALSE,PAST
cur_sna_20m_0425,10.0738115,18.906292,-8.1699982,,PAST,FW,,TRUE,PAST
cur_sna_20m_0426,2.25959492,15.52036,-11.080686,,PAST,FW,,FALSE,PAST
cur_sna_20m_0427,39.8070068,-144.55226,49.8334579,,PPOR,FW,,TRUE,PPOR
cur_sna_20m_0428,35.3430405,-138.7605,49.5085297,,PPOR,FW,,TRUE,PPOR
cur_sna_20m_0429,37.8270721,-136.61961,48.5056572,,PPOR,FW,,FALSE,PAST
cur_sna_20m_0430,31.4188519,-135.36925,44.2770348,,PPOR,FW,,TRUE,PPOR
cur_sna_20m_0431,20.6134758,-70.367691,16.6422081,,PPOR,FW,,FALSE,PAST
cur_sna_20m_0432,6.61727524,-35.609501,6.19516277,,MDEC,FW,RARE,TRUE,MDEC
cur_sna_20m_0433,-0.42258,-20.1367,-3.1746089,,PPOR,FW,,FALSE,OANN
cur_sna_20m_0434,1.74183571,-17.940399,-3.3142974,,PPOR,FW,NO_CORAL,FALSE,SIDE
cur_sna_20m_0435,-6.0959153,-17.803747,-5.2092052,,PPOR,FW,,FALSE,PAST
cur_sna_20m_0436,41.2410927,-134.71332,45.720993,,PPOR,FW,,FALSE,AAGA
cur_sna_20m_0437,41.6654739,-126.23406,45.3884735,,MDEC,FW,,FALSE,MDEC
cur_sna_20m_0438,18.3556805,-70.906708,14.9317799,,SCOL,FW,RARE,TRUE,SCOL
cur_sna_20m_0439,25.8859653,-116.73827,36.72929,,SIDE,FW,,TRUE,SIDE
cur_sna_20m_0441,15.6089764,-67.744736,16.4379883,,SIDE,FW,,FALSE,SIDE
cur_sna_20m_0442,13.550086,-66.472351,13.8248987,,SIDE,FW,,FALSE,SIDE
cur_sna_20m_0443,13.9949646,-51.165051,9.55907917,,SIDE,FW,,TRUE,SIDE
cur_sna_20m_0444,7.17299318,-48.70076,4.12943983,,SIDE,FW,,TRUE,SIDE
cur_sna_20m_0445,4.12489462,-46.764099,3.33230352,,SIDE,FW,,FALSE,SIDE
cur_sna_20m_0446,-3.0812204,-28.438309,-0.8408965,,SIDE,FW,,FALSE,OFRA
cur_sna_20m_0447,-4.1577344,-25.241411,-0.3056762,,SIDE,FW,,TRUE,SIDE
cur_sna_20m_0448,-0.7125859,-16.482018,-2.5399363,,SIDE,FW,,TRUE,SIDE
cur_sna_20m_0449,-6.0169606,-13.895499,-7.199769,,SIDE,FW,,TRUE,SIDE
cur_sna_20m_0450,46.1423454,-124.61474,45.5296783,,SIDE,FW,,TRUE,SIDE
cur_sna_20m_0451,34.9103088,-106.64272,33.4177589,,SIDE,FW,,FALSE,SIDE
cur_sna_20m_0453,32.6229095,-91.557106,27.2691765,,SIDE,FW,,FALSE,SINT
cur_sna_20m_0454,27.0406742,-82.119003,24.4389629,,SIDE,FW,NOISE,TRUE,SINT
cur_sna_20m_0455,24.0684929,-71.312111,17.7430153,,SIDE,FW,,FALSE,SIDE
cur_sna_20m_0456,23.1195221,-70.617462,17.2556229,,SIDE,FW,,TRUE,SIDE
cur_sna_20m_0457,22.6230183,-70.119446,16.7462139,,SIDE,FW,,FALSE,SIDE
cur_sna_20m_0458,11.3659315,-17.721756,4.86128759,,SIDE,FW,,FALSE,OANN
cur_sna_20m_0459,-7.3227463,17.8867168,-14.046793,,AAGA,FW,,FALSE,AAGA
cur_sna_20m_0460,-10.568991,12.9011965,-17.14196,,ALAM,FW,,TRUE,ALAM
cur_sna_20m_0461,-2.6234362,13.1980352,-12.471499,,EFAS,FW,,FALSE,AAGA
cur_sna_20m_0462,-2.3911278,1.29488778,-13.362774,,AAGA,FW,,TRUE,AAGA
cur_sna_20m_0464,-10.942506,-10.167177,-10.62442,,PAST,FW,,FALSE,PAST
cur_sna_20m_0465,-10.612264,-10.361527,-9.6367292,,AAGA,FW,,FALSE,AAGA
cur_sna_20m_0466,-0.3238869,-21.071247,-2.9088967,,EFAS,FW,,TRUE,EFAS
cur_sna_20m_0467,3.23893428,-20.541342,-2.9468555,,PPOR,FW,,FALSE,PPOR
cur_sna_20m_0468,1.09881222,-24.615849,-0.0285764,,PAST,FW,,FALSE,PAST
cur_sna_20m_0469,-10.348828,-25.911764,-4.6671524,,EFAS,FW,,TRUE,EFAS
cur_sna_20m_0470,-1.6076564,-29.94224,1.61959851,,PAST,FW,,TRUE,PAST
cur_sna_20m_0471,-1.0132202,-30.734062,2.84035635,,AAGA,FW,,TRUE,AAGA
cur_sna_20m_0472,-1.7192556,-31.56612,2.58071756,,AAGA,FW,,TRUE,AAGA
cur_sna_20m_0473,5.37450123,-28.306211,1.77143407,,MCAV,FW,,FALSE,MCAV
cur_sna_20m_0474,0.65924829,-26.436356,0.68049562,,OFRA,FW,,TRUE,OFRA
cur_sna_20m_0475,-1.4550617,-43.563404,2.90109038,,CNAT,FW,,TRUE,CNAT
cur_sna_20m_0476,-1.003351,-45.196396,3.5213387,,OFRA,FW,,TRUE,OFRA
cur_sna_20m_0477,2.29755378,-45.221451,2.92766166,,PAST,FW,,FALSE,PAST
cur_sna_20m_0478,6.00689602,-47.941582,4.01404524,,SIDE,FW,NOISE,TRUE,SIDE
cur_sna_20m_0479,6.42672157,-59.940388,8.37172508,,SINT,FW,,TRUE,SINT
cur_sna_20m_0480,18.291151,-68.673965,16.4812622,,MMIR,FW,NOISE,TRUE,MMIR
cur_sna_20m_0481,17.5342503,-68.301208,16.5738811,,AAGA,FW,,TRUE,AAGA
cur_sna_20m_0482,16.6634731,-69.711006,16.2041626,,AAGA,FW,,TRUE,AAGA
cur_sna_20m_0483,20.9103146,-76.275612,21.1327438,,CNAT,FW,,TRUE,CNAT
cur_sna_20m_0484,18.5090351,-82.988266,20.2369137,,EFAS,FW,,FALSE,EFAS
cur_sna_20m_0485,23.056509,-80.412376,21.0568256,,SINT,FW,,FALSE,ALAM
cur_sna_20m_0487,33.1171341,-123.36134,35.4402084,,SINT,FW,,TRUE,ALAM
cur_sna_20m_0488,34.060791,-122.74868,36.4430809,,AAGA,FW,,TRUE,MPHA
cur_sna_20m_0489,33.4283943,-131.14291,44.2610931,,MMEA,FW,,TRUE,MMEA
cur_sna_20m_0490,30.0804214,-140.0769,47.3828316,,AAGA,FW,,TRUE,AAGA
cur_sna_20m_0491,28.2538395,-135.10353,45.6314087,,AAGA,FW,,FALSE,AAGA
cur_sna_20m_0492,32.4217262,-146.94368,47.7434425,,ALAM,FW,,TRUE,ALAM
cur_sna_20m_0493,32.9994583,-147.14485,48.1723747,,PPOR,FW,,FALSE,PPOR
cur_sna_20m_0494,25.7204647,-137.98386,43.8663216,,AAGA,FW,,FALSE,AAGA
cur_sna_20m_0495,25.9391079,-137.1237,43.9733658,,AAGA,FW,,TRUE,AAGA
cur_sna_20m_0496,25.0850315,-137.35982,43.2035599,,AAGA,FW,,TRUE,AAGA
cur_sna_20m_0497,24.1117668,-127.6264,38.6841736,,MCAV,FW,,TRUE,MCAV
cur_sna_20m_0498,22.0202312,-123.81077,37.6547279,,MMEA,FW,,TRUE,MMEA
cur_sna_20m_0499,20.0896435,-116.71853,34.4593506,,PAST,FW,,TRUE,PAST
cur_sna_20m_0500,22.4210777,-117.9241,33.2272034,,PAST,FW,,FALSE,PAST
cur_sna_20m_0501,15.8329334,-96.346756,24.0001583,,EFAS,FW,,TRUE,EFAS
cur_sna_20m_0502,14.7647705,-98.162712,25.2755756,,OFAV,FW,,TRUE,OFAV
cur_sna_20m_0503,13.9570055,-90.019012,22.7733269,,AAGA,FW,,FALSE,AAGA
cur_sna_20m_0504,9.98346901,-76.46389,16.8259277,,AAGA,FW,,FALSE,OANN
cur_sna_20m_0505,11.8806543,-70.183212,13.6798954,,AAGA,FW,,FALSE,AAGA
cur_sna_20m_0506,-7.1929269,-38.587753,1.2589891,,MMEA,FW,,TRUE,MMEA
cur_sna_20m_0507,-6.3866801,-36.596432,-0.8135661,,SINT,FW,,TRUE,SINT
cur_sna_20m_0508,-11.968155,-20.185287,-7.3295884,,MCAV,FW,,TRUE,MCAV
cur_sna_20m_0509,6.03346729,21.2270985,-9.032424,,PAST,FW,,FALSE,PAST
cur_sna_20m_0510,6.25514746,14.7315741,-9.8849812,,NO_CORAL,FW,NO_CORAL,FALSE,PAST
cur_sna_20m_0511,5.8763175,13.9587317,-10.327581,,AAGA,FW,,FALSE,AAGA
cur_sna_20m_0512,12.7278967,-1.1428319,-4.658042,,SINT,FW,,FALSE,SINT
cur_sna_20m_0513,4.51511192,-7.9526563,-6.1483078,,PAST,FW,,FALSE,OFRA
cur_sna_20m_0514,8.43778324,-17.601805,-3.1685355,,SINT,FW,,TRUE,SINT
cur_sna_20m_0515,7.76970673,-28.047331,2.97928572,,PAST,FW,,FALSE,PAST
cur_sna_20m_0516,9.69422245,-35.286091,4.08996296,,SINT,FW,NO_CORAL,FALSE,SINT
cur_sna_20m_0517,22.2031937,-42.256104,7.24662399,,ALAM,FW,,FALSE,PAST
cur_sna_20m_0518,23.9546165,-42.776138,10.4921083,,PAST,FW,,FALSE,PAST
cur_sna_20m_0519,22.8150902,-43.208111,9.72837543,,MCAV,FW,,FALSE,MCAV
cur_sna_20m_0520,26.9731083,-44.276272,11.24825,,MMEA,FW,,FALSE,MMEA
cur_sna_20m_0521,24.9552135,-41.502239,10.8770113,,EFAS,FW,,TRUE,EFAS
cur_sna_20m_0522,20.596014,-45.990498,8.34287643,,AAGA,FW,,TRUE,AAGA
cur_sna_20m_0523,31.8136253,-77.173721,21.3847904,,SINT,FW,,TRUE,SINT
cur_sna_20m_0524,28.8702927,-84.756386,25.6225204,,MCAV,FW,,FALSE,MCAV
cur_sna_20m_0525,32.1172943,-83.30864,24.5748558,,SINT,FW,,FALSE,SSID
cur_sna_20m_0526,41.6138496,-116.06033,43.7683868,,AAGA,FW,,FALSE,AAGA
cur_sna_20m_0527,40.6550102,-117.77075,43.0479279,,AAGA,FW,,FALSE,AAGA
cur_sna_20m_0528,37.0656166,-122.40781,43.5383568,,MMEA,FW,,TRUE,MMEA
cur_sna_20m_0529,44.7894897,-120.1113,43.5808716,,MMIR,FW,,TRUE,MMIR
cur_sna_20m_0530,44.2967834,-119.10918,43.5922585,,MMIR,FW,,TRUE,MMIR
cur_sna_20m_0531,38.8990288,-145.09052,50.6305923,,PAST,FW,,FALSE,PAST
cur_sna_20m_0532,41.0801468,-141.29007,49.1479187,,PPOR,FW,,FALSE,AAGA
cur_sna_20m_0533,44.9716911,-143.30493,51.2637482,,AAGA,FW,,TRUE,AAGA
cur_sna_20m_0534,49.1790543,-137.18748,51.3487778,,OFRA,FW,,TRUE,OFRA
cur_sna_20m_0535,48.8571663,-126.09058,46.0178299,,AAGA,FW,,FALSE,AAGA
cur_sna_20m_0536,47.0966301,-118.56409,44.396225,,OFRA,FW,,FALSE,OFAV
cur_sna_20m_0537,44.2808418,-115.55623,44.2557793,,MMIR,FW,,TRUE,MMIR
cur_sna_20m_0538,44.6999054,-117.01081,44.3628235,,MMIR,FW,,TRUE,MMIR
cur_sna_20m_0539,45.393795,-116.1575,44.0834465,,MMIR,FW,,TRUE,MMIR
cur_sna_20m_0541,44.3127251,-114.24589,41.0619164,,MMIR,FW,,FALSE,MMIR
cur_sna_20m_0543,41.0277634,-112.12247,40.8402367,,AAGA,FW,,FALSE,AAGA
cur_sna_20m_0544,45.0954399,-113.37283,41.7550468,,EFAS,FW,,TRUE,EFAS
cur_sna_20m_0545,44.3119659,-112.32441,40.3369026,,EFAS,FW,NOISE,TRUE,EFAS
cur_sna_20m_0546,45.2153893,-114.18971,42.1315994,,AAGA,FW,,TRUE,AAGA
cur_sna_20m_0547,45.9988594,-114.19579,42.5423164,,CNAT,FW,,TRUE,CNAT
cur_sna_20m_0548,45.5190582,-109.53747,38.8747253,,OFRA,FW,,TRUE,OFRA
cur_sna_20m_0549,43.170166,-109.33401,38.7023926,,PAST,FW,,TRUE,PAST
cur_sna_20m_0550,39.7531052,-101.23434,35.0181046,,PAST,FW,,TRUE,PAST
cur_sna_20m_0551,44.6930733,-103.93626,37.0291672,,AAGA,FW,,FALSE,AAGA
cur_sna_20m_0552,44.2929878,-98.659973,33.4025726,,SINT,FW,,TRUE,SINT
cur_sna_20m_0553,38.6431885,-97.487038,34.5018616,,AAGA,FW,,FALSE,AAGA
cur_sna_20m_0554,42.4109879,-94.101868,34.6468658,,PAST,FW,,TRUE,PAST
cur_sna_20m_0555,41.9714241,-93.164284,34.1002579,,AAGA,FW,,FALSE,AAGA
cur_sna_20m_0556,40.3467827,-93.336617,32.4262695,,MCAV,FW,,FALSE,MCAV
cur_sna_20m_0557,37.0572662,-93.496803,31.6632977,,PAST,FW,,TRUE,PAST
cur_sna_20m_0558,38.4420052,-91.519142,31.3178711,,PAST,FW,,TRUE,PAST
cur_sna_20m_0559,41.0740738,-91.301262,29.7653542,,ALAM,FW,,FALSE,ALAM
cur_sna_20m_0560,37.614502,-90.205765,28.6501217,,SINT,FW,,TRUE,SINT
cur_sna_20m_0561,35.4402161,-88.309341,27.7937698,,SINT,FW,,TRUE,SINT
cur_sna_20m_0562,36.6541405,-87.547882,27.7125378,,SINT,FW,,TRUE,SINT
cur_sna_20m_0563,39.8958321,-86.301315,28.192337,,SINT,FW,,FALSE,SINT
cur_sna_20m_0564,39.3097458,-85.990814,28.490694,,EFAS,FW,,TRUE,EFAS
cur_sna_20m_0565,40.1987419,-84.363892,27.7421455,,EFAS,FW,,FALSE,EFAS
cur_sna_20m_0566,37.1400146,-83.749718,27.4293633,,EFAS,FW,,TRUE,EFAS
cur_sna_20m_0567,34.7144432,-86.358253,24.9104118,,ALAM,FW,,TRUE,ALAM
cur_sna_20m_0568,35.8570061,-85.116241,26.3179283,,PAST,FW,,FALSE,PAST
cur_sna_20m_0569,36.6123886,-80.728195,26.1797562,,PAST,FW,,TRUE,PAST
cur_sna_20m_0570,36.1098099,-78.388405,25.2831688,,EFAS,FW,NOISE,TRUE,EFAS
cur_sna_20m_0571,34.4046974,-78.559219,25.6931248,,PAST,FW,,TRUE,PAST
cur_sna_20m_0572,33.1809044,-77.546478,24.2036171,,PAST,FW,,TRUE,PAST
cur_sna_20m_0573,32.7329903,-78.486343,24.9476109,,PAST,FW,,TRUE,PAST
cur_sna_20m_0574,33.7184029,-79.483139,25.8510323,,PAST,FW,,TRUE,PAST
cur_sna_20m_0575,33.7609138,-80.124649,25.5519161,,PAST,FW,,TRUE,PAST
cur_sna_20m_0576,32.3237915,-69.816528,22.183445,,MCAV,FW,,TRUE,MCAV
cur_sna_20m_0577,32.7079353,-72.604988,20.6104298,,SINT,FW,,TRUE,SINT
cur_sna_20m_0578,32.0611153,-70.958336,20.5178089,,ALAM,FW,,FALSE,ALAM
cur_sna_20m_0579,29.7433472,-57.516335,19.3410835,,MMEA,FW,,TRUE,MMEA
cur_sna_20m_0580,29.9893208,-53.474472,19.7320614,,MMIR,FW,,TRUE,MMIR
cur_sna_20m_0581,27.4437981,-52.102638,12.4591379,,AAGA,FW,,FALSE,AAGA
cur_sna_20m_0582,24.0555878,-38.419975,9.78227711,,MCAV,FW,,FALSE,MCAV
cur_sna_20m_0583,24.7016468,-35.087944,7.6163435,,MMEA,FW,,TRUE,MMEA
cur_sna_20m_0584,23.3746052,-35.529026,6.76758242,,PAST,FW,,TRUE,PAST
cur_sna_20m_0585,23.1438141,-30.699898,5.86947536,,PAST,FW,,TRUE,PAST
cur_sna_20m_0586,21.825882,-30.197323,5.44965029,,AAGA,FW,,FALSE,AAGA
cur_sna_20m_0587,17.159977,-26.146351,2.49948549,,CNAT,FW,,TRUE,CNAT
cur_sna_20m_0588,15.3538923,-27.707979,0.76704192,,MMEA,FW,,TRUE,MMEA
cur_sna_20m_0589,17.0635605,-28.470194,3.14023137,,AAGA,FW,,FALSE,AAGA
cur_sna_20m_0590,20.8564129,-25.195101,3.97684526,,PAST,FW,,FALSE,PAST
cur_sna_20m_0591,18.3503666,-23.219721,2.12900662,,MMEA,FW,,TRUE,MMEA
cur_sna_20m_0592,17.3664722,-21.058342,3.72707582,,MCAV,FW,,TRUE,MCAV
cur_sna_20m_0593,18.4293213,-20.723543,2.76292014,,PAST,FW,,FALSE,PAST
cur_sna_20m_0594,20.7584782,-21.973909,2.98611832,,MCAV,FW,,TRUE,MCAV
cur_sna_20m_0595,21.42276,-18.342762,2.54655457,,PAST,FW,,FALSE,SINT
cur_sna_20m_0596,16.519989,-18.014797,3.6374929,,PAST,FW,,TRUE,PAST
cur_sna_20m_0597,17.651165,-18.24407,4.11881161,,PAST,FW,,TRUE,PAST
cur_sna_20m_0598,18.3799744,-17.316355,1.61656177,,SINT,FW,,TRUE,SINT
cur_sna_20m_0599,16.8646564,-16.557936,1.79952359,,PAST,FW,,FALSE,PAST
cur_sna_20m_0600,15.8572273,-16.21175,2.77203035,,PAST,FW,,TRUE,PAST
cur_sna_20m_0601,17.5949841,-15.661346,0.32975551,,PAST,FW,,FALSE,PAST
cur_sna_20m_0602,10.6955776,-14.284199,0.71086276,,AAGA,FW,,TRUE,AAGA
cur_sna_20m_0603,15.5915146,-7.879775,-2.5103283,,EFAS,FW,NOISE,TRUE,EFAS
cur_sna_20m_0604,17.924469,-7.5092964,-1.5226381,,EFAS,FW,,FALSE,EFAS
cur_sna_20m_0605,17.3080158,-9.4581051,0.45122397,,OFRA,FW,,TRUE,OFRA
cur_sna_20m_0606,16.3074188,-4.4786587,-3.3067057,,SINT,FW,,TRUE,SINT
cur_sna_20m_0607,15.5414095,-2.6497998,-3.7978938,,PAST,FW,,TRUE,PAST
cur_sna_20m_0608,15.6947632,-1.4100626,-4.4173827,,AAGA,FW,,TRUE,AAGA
cur_sna_20m_0609,16.9193172,-2.2140317,-3.0675647,,NO_CORAL,FW,,FALSE,SIDE
cur_sna_20m_0610,15.6309919,2.04040027,-9.8310795,,ALAM,FW,,TRUE,ALAM
cur_sna_20m_0611,14.6979628,7.85342407,-7.5573421,,OFRA,FW,,TRUE,OFRA
cur_sna_20m_0612,14.7374401,10.2516661,-9.3178749,,SINT,FW,CHECK_ID,FALSE,SINT
cur_sna_20m_0613,15.4290514,9.6655817,-9.4044209,,NO_CORAL,FW,,FALSE,AAGA
cur_sna_20m_0614,14.7419949,14.7839575,-9.1516151,,SINT,FW,,FALSE,OANN
cur_sna_20m_0615,11.8988743,15.9022264,-8.4303961,,PAST,FW,,TRUE,PAST
cur_sna_20m_0616,14.0572166,13.594326,-10.211427,,PAST,FW,,TRUE,PAST
cur_sna_20m_0617,13.0551023,18.2366982,-10.477139,,PAST,FW,,FALSE,OANN
cur_sna_20m_0618,6.15721321,-64.058167,9.10736847,,MMIR,FW,,FALSE,MMIR
cur_sna_20m_0619,4.00646305,19.0755901,-13.704404,KP0634_LM_SB20,ALAM,FW,,FALSE,ALAM
